No	English	added	all	arm	back	barley	beautiful	bed	belt	big	black
1	Amharic	dǝmmǝrǝ1	hullum1	kɨnd1	ğǝrba1	gǝbs1	mǝlkam1	ʔalga1	ќǝbǝtto1	tɨllɨќ1	ťɨќur1
2	Argobba	ćemmǝra1	diyyum1	kɨrra1	ğeed1	masɨla2	ťɨru2	ʔalga1	mǝkkačča2	laxim2	ťɨќur1
3	Chaha	dǝpǝrǝm1	ʔɨnnɨm2	ʔagat2	gyišǝ1	ʔǝxɨr3	mǝrkama1	ʔalga1	mǝtagǝča2	nɨќiyǝ3	ťɨќur1
4	Endegagn	dappǝrǝ1	hɨnʔedi2	ʔagad2	gyišǝ1	ʔǝhɨr3	mǝlkama1	ʔanz2	ќǝbǝtoʔǝ1	nuʔ3	gǝmbǝnǝ2
5	Ezha	dǝbbǝrǝm1	ʔɨnnɨm2	hɨnnǝ1	gɨnǯǝ1	ʔǝxɨr3	mǝrkamma1	ʔalga1	ќǝbǝtto1	ʔɨmiyǝ3	gǝmbǝnna2
6	Ge'ez	dǝmmǝrǝ1	kwǝll1	mǝzɨrʔat3	zǝban2	gǝbs1	lǝħay3	ʕarat3	ʕɨťaќ3	ʕǝbbiy4	śallim3
7	Gogot	dǝbbeʔǝm1	ʔɨnnɨm2	kɨrrǝ1	gɨňžǝ1	gǝbs1	mǝlkamma1	ʔalga1	ќǝbǝtto1	lɨќ1	ťɨʔur1
8	Gumer	dǝppǝrǝm1	ʔɨnnɨm2	xɨnǝ1	fwǝr3	ʔǝhɨr3	mǝrkamma1	ʔalga1	ќǝbǝtto1	nɨќyǝ3	ťɨkwɨr1
9	Gura	dǝpǝrǝm1	ʔɨnnɨm2	hɨnǝ1	ğyišǝ1	ʔǝhɨr3	mǝrkama1	ʔarga1	ќǝbǝtto1	nɨќyǝ3	ťɨќur1
10	Gyeto	dappǝrǝ1	ʔɨnnɨʔ2	ʔagal2	gišǝ1	ʔǝxɨr3	mǝrkama1	ʔarga1	ќǝbǝtoʔǝ1	nɨkiyǝ3	lɨќur1
11	Harari	dǝbǝla1	kullu1	ħarǝќ4	ħaći4	guus1	ќooraam4	dufaan4	waraansilla4	gidir5	ťǝy4
12	Inor	dappǝrǝ1	ʔɨnnǝ2	hɨnɨʔǝ1	gišɨʔǝ1	ʔǝxɨr3	mǝrkama1	ʔarga1	zǝlǝbǝt5	nuʔiyǝ3	gǝmbǝna2
13	Kistane	dǝbbǝlǝm1	kullɨm1	kɨrrǝ1	gɨnǯǝ1	gǝbs1	mǝlkama1	ʔalga1	ќǝbǝtto1	malǝk6	ťɨќur1
14	Mesqan	dǝbbǝrǝm1	ʔɨnnɨm2	hɨnnǝ1	gɨnǯǝ1	ʔɨhɨr3	mǝlkama1	ʔalga1	ќǝbǝtto1	nɨќ3	ťɨќur1
15	Muher	dǝbbǝrǝm1	ʔɨnnɨm2	hɨtte7	gɨnǯǝ1	ʔǝxi3	mǝlkama1	ʔalga1	ќǝbǝtto1	lɨʔɨyǝ3	ťɨќur1
16	Oromo	dabale1	hunda3	ʔirree6	duuba5	garbuu1	bareeddu5	sire5	waraansille4	guddaa7	gurraačča5
17	Silt'e	dǝbǝlǝ1	hullɨmkǝ1	kire1	ćɨn4	ʔɨxɨl3	bǝreedǝ5	dugmalǝ6	ќǝbǝtto1	yǝroore8	ťem4
18	Tigre	wǝssǝkǝ2	kɨllan1	rɨsɨќ4	mǝќťǝn6	šɨʕir3	gɨrrum6	ʕarat3	zɨnnar6	ʕabayi4	śǝlim3
19	Tigrigna	dǝmmiru1	kullu1	Ќɨlśɨm5	dɨħrit7	sɨgǝm4	śɨbbuЌ7	ʕarat3	Ќulfi7	gǝzif9	śǝllim3
20	Wolane	dǝbǝlǝ1	hulɨm1	kire1	čɨn4	ʔɨxɨl3	bǝredǝ5	ʔalga1	ќǝbǝtto1	ğǝbǝ10	tɨm4
21	Zway	dǝbǝlǝ1	hullu1	ʔarǝќ4	mɨśkǝt6	gǝbɨs1	mǝlkǝmma1	ʔalgǝ1	dunќuut8	ğǝba10	gǝmbǝlo2
22	English	blew	blood	boiled	bone	bread	breast	brother	bull	cabbage	calf (n)
23	Amharic	nǝffǝsǝ1	dǝm1	fǝlla1	ʔaťɨnt1	dabbo1	ťut1	wǝndɨmm1	bǝre3	gommǝnn1	ťɨğğa2
24	Argobba	nǝffǝha1	dǝm1	nǝffǝra2	xaťɨm1	damo1	ťut1	ʔǝh2	wefǝn2	gomǝn1	ťɨğğa2
25	Chaha	nǝfǝsǝm1	dǝm1	čǝkǝrǝm3	ʔaťɨm1	dabbo1	ťu1	gwǝpǝ3	wɨr3	ʔambɨr2	mwǝsa1
26	Endegagn	nǝfǝsǝ1	dǝm1	čakarra3	ʔaťɨm1	daboʔǝ1	ťuw1	ʔǝššǝʔǝm4	wɨr3	ʔambɨr2	mosa1
27	Ezha	naffǝsǝm1	dǝm1	čǝkkwǝrǝ3	ʔaťɨm1	dabbo1	ťuw1	gwǝbbe3	wɨr3	ʔambɨr2	mwǝssa1
28	Ge'ez	nǝfḫǝ1	dǝm1	nǝfǝrǝ2	ʔaśm1	ḫǝbz2	tǝllaʕ2	ʔɨḫɨw2	tɨro4	ħamɨl2	ʔɨgwǝlt3
29	Gogot	nǝffǝsǝm1	dǝm1	čǝkkǝm3	ʔatɨm1	dɨfo3	ťɨbuyyǝ1	gwǝbbe3	wɨr3	ʔambɨr2	mwǝssa1
30	Gumer	nǝfǝsǝm1	dǝm1	čǝkkǝrǝm3	ʔaťɨm1	dabbo1	ťu1	gwǝppay3	wɨr3	ʔambɨr2	mwǝsa1
31	Gura	nǝfǝsǝm1	dǝm1	čǝkǝrǝm3	ʔaťɨm1	dabbo1	ťu1	gwǝpǝ3	wɨr3	ʔambɨr2	mwǝsa1
32	Gyeto	nǝfǝsǝ1	dǝm1	čǝkǝrǝ3	ʔatɨm1	dapa1	ťu1	gwǝpay3	wɨr3	ʔambɨr2	mwǝsa1
33	Harari	ħawbaaya2	dǝm1	fǝlaħa1	ʔaať1	daabo1	ťoot1	ʔɨħ2	baʔara1	ħuul3	ťɨğa2
34	Inor	nǝfǝsǝ1	dǝm1	čǝkwǝrǝ3	ʔaťɨm1	dabboʔǝ1	ťu1	ʔǝsǝm4	wɨr3	ʔambɨr2	mwǝsa1
35	Kistane	nǝffǝso1	dǝm1	fǝllam1	ʔaťɨm1	dabbo1	ťɨbuyyǝ1	zǝmmi5	wɨr3	ʔambɨl2	ťǝg2
36	Mesqan	nǝffǝsǝ1	dǝm1	čǝkkwǝrǝ3	ʔaťɨm1	furno4	ťub1	gwǝbbe3	wɨr3	ʔambɨr2	mwasa1
37	Muher	nǝffǝsǝm1	dǝm1	čǝkkwǝrǝm3	ʔaťɨm1	dabbo1	ťɨwǝyyǝ1	gwǝbbe3	bora1	ʔambi2	dǝg2
38	Oromo	ʔafuufe3	ɗiiga2	danfise4	lafee2	daabbo1	harma3	ʔobboleessa6	dibičča5	raafu4	ğabbi4
39	Silt'e	nǝfǝsǝ1	dǝm1	fǝla1	haťɨm1	furno4	ťub1	ʔɨndǝt7	wɨr3	hamɨl2	ʔɨzǝќ5
40	Tigre	mɨdmǝ4	dǝm1	ħafǝna2	ʔaťɨm1	bani5	ťɨb1	ħu9	wɨhɨr3	ħamle2	ʔɨgal3
41	Tigrigna	nǝfǝsǝ1	dǝm1	sɨga5	ʕaśmi1	bani5	ťub1	ħaw9	ʔarħa6	ħamli2	mɨrax6
42	Wolane	nǝfǝsǝ1	dǝm1	fǝla1	ʔaťɨm1	dabbo1	ťub1	waği8	wɨr3	ʔaml2	ʔɨmbossǝ1
43	Zway	nǝfǝsǝ1	dǝm1	fǝlǝ1	ʔaťɨm1	dabbo1	ťub1	ʔɨɨn2	wɨr3	ʔamɨl2	ʔɨzǝќ5
44	English	came	camel	cat	cheek	chest	child	cloud	coffee	concealed	cow
45	Amharic	mǝťťa1	gɨmǝl1	dɨmmǝt1	gunć1	dǝrǝt1	lɨğ1	dammǝna1	bunna1	dǝbbǝќǝ1	lam1
46	Argobba	mǝťťa1	gamela1	dɨmǝt1	gunče1	gǝngad2	lɨğ1	dǝmǝna1	bunn1	ќoda2	lam1
47	Chaha	čǝnǝ2	gamera1	ʔangača2	danga2	data1	tɨkǝ2	dabǝra1	ќawa2	šemǝ3	ʔǝram1
48	Endegagn	mǝʔa1	gɨmǝl1	ʔangaččǝ2	dangǝ2	dattǝ1	tɨkǝ2	dawǝnǝ1	ќǝwa2	dəʔǝnǝ4	ʔanaw1
49	Ezha	čǝnǝ2	gamera1	ʔangačča2	dangǝ2	dadda1	tɨkǝ2	dabǝra1	buna1	šemǝm3	ʔǝram1
50	Ge'ez	mǝśʔa1	gǝmǝl1	dɨmmǝt1	mǝltaħt3	ʔɨngɨdʔa2	wald3	dǝmmǝna1	bunna1	dǝbǝќǝ1	lahm1
51	Gogot	bǝssam3	gimǝl1	ʔangačča2	danga2	dǝrǝt1	tɨkǝ2	dabǝna1	bunna1	šemǝm3	ʔɨnnam1
52	Gumer	čǝnǝ2	gamera1	ʔangačča2	danga2	datta1	tɨkǝ2	dabǝra1	ќawa2	šemǝm3	ʔǝram1
53	Gura	čǝnǝ2	gamera1	ʔangača2	danga2	fanќa3	tɨkǝ2	dabǝra1	ќawa2	šemǝʔ3	ʔǝram1
54	Gyeto	čǝňǝ2	gamera1	ʔangača2	danga2	dattǝ1	tɨkǝ2	damǝra1	buno1	šemǝ3	ʔɨnzɨr2
55	Harari	diiğa4	gaamǝla1	ʔadurru3	ćaaću1	wazǝna4	wiiğ3	daana1	bun1	šeemǝќa3	laam1
56	Inor	mǝʔa1	gamera1	ʔangača2	gunćǝ1	data1	tɨkǝ2	damǝra1	ќawa2	dǝʔǝrǝʔ4	ʔǝram1
57	Kistane	mǝťťa1	gimǝl1	ʔangača2	gunćǝ1	dǝrǝt1	bayy4	damǝna1	buna1	sǝťǝ3	ʔǝlam1
58	Mesqan	čǝňňǝ2	gamela1	ʔangača2	danga2	hin5	tɨxǝ2	dabǝna1	ќawa2	šemǝ3	ʔǝram1
59	Muher	bǝssam3	gamela1	ʔangača2	gunćǝ1	dadda1	tɨkǝ2	dabǝna1	ќawa2	šǝmǝm3	ʔǝnnam1
60	Oromo	ɗufe5	gaala1	ʔadurre3	mallaa3	laṗpe6	daaʔima5	duumessa1	buna1	ɗokote5	saʔa3
61	Silt'e	mǝťa1	gaameela1	ʔaadǝn3	gunćo1	wǝzǝnǝ4	čɨlo6	dǝbǝna1	buno1	šeeme3	lam1
62	Tigre	mǝśa1	gemǝl1	dɨmmu1	mɨštɨќ4	nɨħǝr7	wǝlad3	dǝbna1	bun1	ʔamʔɨs6	ʔaħa3
63	Tigrigna	mɨśaʔ1	gɨmǝl1	dɨmmu1	nunći1	ʔaflɨbbi8	qwəlʕa7	dǝbǝna1	bun1	ħabʔǝ7	lam1
64	Wolane	mǝťa1	gaameela1	ʔadǝn3	ќǝrќǝčče5	wǝndaab9	weğ1	dabǝna1	buno1	šeme3	lam1
65	Zway	maataa1	gaala1	ʔadurru3	boќoo6	angaabsu10	baayu4	daabaanaa1	buna1	šimi3	lam1
66	English	cried	crocodile	decide	destroy	dog	donkey	dreamt	dress (n)	drink	dry (adj)
67	Amharic	ʔalǝќќǝsǝ1	ʔazzo1	wǝssǝnǝ1	ʔafǝrrǝsǝ1	wɨšša1	ʔahɨyya1	ʔallǝmǝ1	ќǝmis1	ťǝťťa1	dǝrǝќ1
68	Argobba	lǝќќǝsǝ1	ʔazo1	ќorrǝťa2	fǝrrǝsǝ1	wɨša1	ʔahɨya1	mǝnamhanža2	ќemis1	sǝča2	dǝrǝќa1
69	Chaha	bǝkǝm2	zabǝhel2	wǝwǝssɨn1	banǝrǝm2	gɨyǝ2	ʔɨmar2	nǝzǝzǝm3	ќǝmis1	sǝćǝ2	ťǝrǝќ1
70	Endegagn	bekkǝ2	dǝrǝwǝ3	ʔɨğğawɨrt3	bannǝrǝ2	gɨyǝ2	ʔǝwan2	nǝzǝzǝ3	ќǝmis1	seććǝ2	dǝrǝʔ1
71	Ezha	bǝkǝm2	ʔazzo1	fǝnnǝdǝm4	bannǝsǝm2	gɨyyǝ2	ʔɨmar2	nǝzzǝzǝm3	muluʔɨğɨr2	sǝććǝ2	ťǝrǝќ1
72	Ge'ez	śǝrḫa3	ħǝrgǝś4	bǝyyǝnǝ5	ʔafrǝsǝ1	kǝlb3	ʔadg3	ħɨlum1	ќǝmiś1	sǝtyǝ2	yɨbus2
73	Gogot	bǝќќǝm2	ʔazzo1	ʔarraťǝm2	bǝrrǝsǝm1	gɨyǝ2	ʔɨmar2	bɨrǝzzǝzǝm3	lɨbs3	sǝććǝm2	ťǝrǝќ1
74	Gumer	bǝkkyǝm2	ʔazzo1	wǝsnot1	čɨfǝćǝfǝm4	gɨyǝ2	ʔɨmar2	nǝzǝzǝm3	ќǝmis1	sɨťǝ2	ťǝrǝќ1
75	Gura	bǝkǝm2	yǝbarʔawi3	wǝbǝr6	banǝrǝm2	gɨyǝ2	ʔɨmar2	nǝzǝzǝm3	ќambis1	sǝćǝ2	ťɨrǝќ1
76	Gyeto	bǝќǝ2	ʔabaraw3	meʔǝša7	dasǝ3	gɨyǝ2	ʔɨmar2	bǝrzazašǝ3	xuğɨr4	sǝćǝ2	ťǝrǝќ1
77	Harari	bǝќa2	ħaas4	ќooća8	daamǝsa3	buči4	waćǝra4	bɨrzǝzǝšǝ3	bombaay5	sǝča2	dǝrǝќ1
78	Inor	bǝkǝ2	ʔabarʔawi3	wǝssɨn1	banǝrǝ2	gɨyǝ2	ʔɨmar2	nǝzǝzǝ3	mǝrdofa6	sǝćǝ2	dǝrǝʔ1
79	Kistane	bǝššǝm2	ʔazzo1	wowossɨn1	dasǝm3	wɨssa1	ʔǝmar2	bɨrǝzǝzǝ3	dɨrbǝdɨr7	sǝććǝ2	dǝrǝќ1
80	Mesqan	bǝkkǝ2	ʔazzo1	wǝwǝssɨn1	bǝrrǝsǝ1	gɨyǝ2	ʔɨmar2	bɨrǝzzǝzǝ3	ќǝmis1	sǝććǝ2	ťɨrǝќ1
81	Muher	bǝkkyǝm2	ʔazzo1	wǝwǝssɨn1	ʔafǝrrǝsǝm1	gɨyǝ2	ʔɨmar2	nǝzǝzǝm3	ќǝmis1	sǝććǝm2	ťǝrǝʔ1
82	Oromo	booye5	naačča5	murteessu9	barbadeessu5	sare5	harre5	manaabe2	ʔuffata8	ɗuge3	gogaa3
83	Silt'e	bǝče2	wǝro6	ќooče8	dasǝm3	buučo4	ʔuumar2	birǝzǝzǝ3	ќǝmbissǝ1	sǝče2	dǝrǝќ1
84	Tigre	hablǝlǝ6	ʔǝlma7	tɨŠǝrǝtǝ10	ʔafrǝsa1	kǝlɨb3	ʔadɨg3	ħallǝm1	lɨbǝs3	sǝtǝ2	yɨbus2
85	Tigrigna	bǝxǝyǝ2	ħargəś4	wəssənə1	ʔaʕɨnǝwǝ6	kǝlbi3	ʔadgi3	ħalǝmǝ1	qəmɨŠ1	sǝtǝyǝ2	nɨЌwuś2
86	Wolane	bǝče2	ʔazzo1	ќooče8	dasaa3	bučo4	ʔumar2	bɨrǝzǝzǝ3	ќǝmis1	sǝče2	dǝrǝќǝ1
87	Zway	baači2	ʔazzo1	ќuuči8	fǝrǝsǝ1	gɨňi6	ʔumar2	birǝzǝzǝ3	ќǝmis1	sǝči2	dǝrǝќ1
88	English	ear	egg	eight	elephant	evening	eye	farmer	father	finger	finish(v)
89	Amharic	ğoro1	ʔɨnќulal1	sɨmmɨnt1	zɨhon1	mɨššɨt1	ʔayn1	ʔaraaš1	ʔabbat1	ťat1	ćǝrrǝsǝ1
90	Argobba	ğoro1	ʔɨnќulal1	sǝmmɨt1	zǝhon1	mušed1	ʔeen1	ʔaraaš1	ʔaw2	ťad1	ćerrǝsa1
91	Chaha	ʔɨnzɨr2	ʔɨnќwɨra1	sunt1	ǯǝxwǝrǝ1	gǝpat2	ʔen1	čǝwač2	ʔab1	ʔatebǝt1	ğǝpǝrǝ2
92	Endegag	ʔɨnzɨr2	ʔɨnќulǝ1	sunt1	zǝhon1	gǝppaʔa	ʔen1	čowač2	ʔaba1	ʔaťeyǝ1	ğǝppǝrǝ2
93	Ezha	ʔɨnzɨr2	ʔanќwǝ1	šɨmut1	ǯǝxwǝrǝ1	gǝbbat2	ʔen1	čǝwač2	ʔabba1	ʔatebǝt1	fǝğğǝm3
94	Ge'ez	ʔɨzn2	ʔǝnќoќɨho1	sǝmmǝnt	ħǝrmǝz2	mɨset1	ʕayn1	gǝbbar3	ʔab1	ʔaśbaʔɨt1	fǝśśǝmǝ3
95	Gogot	ʔɨnzɨn2	ʔanќwǝ1	sɨmmut1	žǝhona1	ʔorar3	ʔɨn1	ʔaraš1	ʔabba1	ʔaťebǝt1	fǝğğǝm3
96	Gumer	ʔɨnzɨr2	ʔɨnќwɨra1	sɨmwɨt1	ǯǝxwǝrǝ1	gǝppat2	ʔen1	čǝwač2	ʔabba1	ʔatebǝt1	ğǝppǝrǝ2
97	Gura	ʔɨnzɨr2	ʔɨnќwɨra1	sɨmut1	ǯǝxwǝrǝ1	gǝpat2	ʔen1	čǝwač2	ʔab1	ʔaťebǝ1	ğǝpǝrǝ2
98	Gyeto	ʔɨnzɨr2	ʔɨnќura1	suwɨr1	žǝxwǝra1	gǝpat2	ʔayn1	čowač2	ʔab1	ʔaťebǝt1	ğǝppǝrǝ2
99	Harari	ʔuzun2	ʔaќuħ1	suut1	doxon1	mǝšeet1	ʔin1	ħaraaši1	ʔaaw2	ʔaťǝbiňň	ħeelǝdǝ4
100	Inor	ʔɨnzɨr2	ʔɨnќwɨra1	suunt1	ǯǝxwǝrǝ1	gǝpad2	ʔer1	čǝwağ2	ʔaba1	ʔaťeyǝ1	ğǝpǝrǝ2
101	Kistane	ʔɨnzɨn2	ʔanќo1	sǝmmɨnt1	zǝxon1	mɨšǝr1	ʔin1	ʔaraš1	ʔabi1	ʔaťabǝt1	ćǝrrǝsǝ
102	Mesqan	ʔɨnzɨn2	ʔanќwǝ1	sɨmmut1	ǯǝxwǝnǝ1	gǝbbat2	ʔen1	ʔaraš1	ʔab1	ʔaťebǝt1	ǯǝbbǝrǝ2
103	Muher	ʔɨnzɨn2	ʔanќwǝ1	sɨmmut1	zɨxon1	gǝbbat2	ʔen1	čǝwač2	ʔab1	ʔaťebǝt1	fǝğğǝm3
104	Oromo	gurra3	buṗṗa2	saddet2	arba3	galgala4	ʔiğa2	ќoteebula	ʔabbaa1	ќuba3	ťumure5
105	Silt'e	ʔɨzɨn2	buṗṗa2	sǝmut1	dǝxano1	gǝbbat1	ʔiin1	ʔaraaši1	ʔabot1	ʔɨnťabit1	ćeerǝsǝ1
106	Tigre	ʔazǝn2	ʔɨnќoќɨħo1	sǝmǝn1	harmǝz2	mɨse1	ʔɨn1	ħǝrǝstay1	ʔab1	ćɨbʕat2	wǝddǝʔǝ
107	Tigrigna	ʔɨzni2	ʔɨnqwaqwuħ	Šɘmontǝ1	ħarmaz2	mɨŠət1	ʕayni1	ħarǝstay1	ʔabbo1	ʔaśabɨʕti	wǝddǝʔə
108	Wolane	ʔɨzɨn2	ʔɨnќʔot1	summut1	dǝhǝno1	yǝrǝffad	ʔin1	ʔaraš1	ʔabbot1	ʔɨnťabit1	ćeerǝsǝ1
109	Zway	ʔɨzɨn2	ʔɨnќǝќu1	sɨmmut1	dǝhǝno1	mɨšit1	ʔin1	ʔaraaši1	ʔabu1	ʔɨntǝbit1	ʔaćiraaќ
110	English	five	found	four	fox	friday	frog	full	garlic	give up	goat
111	Amharic	ʔamɨst1	ʔagǝňňǝ1	ʔaratt1	ќǝbǝro1	ʔarb1	ʔɨnќurarit1	mulu1	nǝććšɨnkurt1	tǝwǝ1	fɨyyǝl1
112	Argobba	ʔamɨst1	raxǝw2	ʔarbit1	ʔɨnğedelo2	ğumaʔa2	ʔɨnќurarit1	mulu1	zahšunkurt1	tǝwǝ1	fɨyyǝl1
113	Chaha	ʔamɨst1	nǝkǝbǝm2	ʔarbǝt1	ќǝwǝrǝ1	ğimat2	ќwǝnćǝ2	mura1	tumma2	wǝte1	feќ1
114	Endegag	ʔamɨst1	nǝkkǝ2	ʔarwǝʔat1	wǝlake3	ğimʔat2	ќwǝnčǝ2	murʔǝ1	tummǝ2	ʔɨtaʔut1	foňňǝʔ1
115	Ezha	ʔamɨst1	nǝkkǝbǝm2	ʔarbǝt1	ќǝwǝrǝ1	ʔaddarǝ3	ќwǝćǝ2	mura1	tumma2	wǝte1	fɨyǝќ1
116	Ge'ez	ḫǝmś1	rǝkǝbǝ2	ʕǝrbaʔ1	ќwɨnśɨl4	ʕarb1	ќwǝrnǝnǝʕat	mǝlʔǝ1	tummǝ2	ʔabkwǝrǝ	ťali2
117	Gogot	ʔammɨst1	gǝňňǝm1	ʔarbǝt1	gogɨyyǝ5	ʔaddarǝ3	ќwalǝća2	mulǝ1	tumma2	gǝttarǝm	faňňǝ1
118	Gumer	ʔammɨst1	nǝkkǝbǝm2	ʔarβǝt1	ќǝwǝrǝ1	ğɨmat2	ќwǝnćǝ2	mwɨra1	tumma2	tabot1	feќ1
119	Gura	ʔamɨst1	nǝkǝbǝ2	ʔarbǝt1	ќǝwǝrǝ1	ğɨmat2	ќwǝnćǝ2	mura1	tumma2	wǝte1	feќ1
120	Gyeto	ʔamʔɨst1	nǝkǝbǝ2	ʔarbʔat1	ќwǝbǝrǝ1	ğimʔat2	ќwǝnčǝ2	murʔa1	tummǝ2	čaʔǝ4	feќ1
121	Harari	ħammisti1	ʔagǝňǝ1	ħarat1	ʔaazyǝgǝdu6	ğumʔa2	ʔanќuraaraħ	mulluʔ1	tumma2	waala5	daw3
122	Inor	ʔammɨst1	nǝkǝβǝ2	ʔǝrbʔat1	ʔɨngwǝrǝgɨy	ğɨmʔat2	ќončǝ2	murʔa1	tuma2	ʔǝtǝʔut1	fǝňǝʔ1
123	Kistane	ʔammɨst1	ʔagǝňňo1	ʔarat1	sǝrǝndida7	ʔaddarǝ3	ќolǝčǝ2	mula1	tumma2	wǝgfɨr6	fɨyyǝl1
124	Mesqan	ʔammɨst1	rǝkkǝbǝ2	ʔarbǝtt1	yǝgwǝrǝgyǝ5	ʔaddarǝ3	ќwǝčǝ2	mula1	tumma2	wǝgfɨr6	feќ1
125	Muher	ʔammɨst1	ʔagǝňňǝm1	ʔarbǝt1	ќǝwǝrǝ1	ʔaddarǝ3	ќolǝčǝ2	mwǝy1	tumma2	wǝte1	fǝňňǝʔǝ1
126	Oromo	šan2	ʔarge3	ʔafur2	deeğallo2	ğimma2	raačča2	gutuu2	ќullubi3	ɗiise7	reʔe4
127	Silt'e	ʔammɨst1	rǝkǝbǝ2	ʔarat1	zǝgǝdo6	ğimat2	ʔɨnќurarit1	mulla1	tumma2	ʔɨdǝgot8	feќ1
128	Tigre	hamɨs1	rǝkbǝ2	ʔarbǝʕǝ1	ħašil4	ğɨmat2	ʔɨnќɨrʕob1	mɨluʔ1	tom2	ʔɨbɨl9	nǝggǝlǝt
129	Tigrigna	ħammuŠt	sǝrǝtǝ4	ʔarbaʕtǝ1	wǝxariya3	ʕarbi1	ʔɨnЌurarit1	mɨluʔ1	śaʕɨdaŠɨngʷur	gɨdǝf10	t'ʸəl2
130	Wolane	ʔammɨst1	rǝhaabǝ2	ʔarat1	wǝlǝngaaya	ğimat2	ʔɨnќurarit1	mulli1	tummǝ2	ʔadǝgǝ8	feќ1
131	Zway	ʔammɨst1	gaaňi1	ʔarǝt1	ğeedaalǝ2	ğimǝt2	ʔɨnќurarit1	muli1	tumǝ2	ʔadǝgǝ8	fiќ1
132	English	griddle	hair	he	head	heart	helped	hen	his	horse	hot
133	Amharic	mɨťad1	śǝgur1	ʔɨssu1	ras1	lɨbb1	ʔaggǝzǝ1	doro1	yǝssu1	fǝrǝs1	muќ1
134	Argobba	mɨťad1	čɨgar1	kɨsu1	dɨma2	lɨbi1	haggǝza1	doro1	ʔiwwat2	fǝrǝs1	muќina1
135	Chaha	mɨdad1	gunǝr2	hut2	gunǝr3	xɨn2	ʔagǝzǝm1	kutǝra2	yǝhut2	fǝrǝz1	yǝmwǝќǝ
136	Endegag	mɨťad1	gunʔǝr2	hudǝ2	ʔɨras1	xin2	ʔepǝrǝ2	ʔungoroʔ1	ʔɨhud2	fǝrǝz1	mwoќ1
137	Ezha	mɨdad1	gunnǝr2	hut2	gunnǝr3	xɨnn2	ʔaggǝzǝm1	kuttǝra2	yǝxut2	fǝrǝz1	mwoќ1
138	Ge'ez	gǝbǝta2	śǝgwr1	wɨʔɨtu2	rɨʔɨs1	lɨbb1	ħǝgǝzǝ1	dorho1	ziʔahu3	fǝrǝs1	mɨwɨќ1
139	Gogot	mɨdad1	gunnǝn2	kwa3	gunnǝn3	lɨbb1	ʔaggǝzǝm1	kuttǝna2	kut2	fǝrǝz1	muќ1
140	Gumer	mɨdad1	gunǝr2	xut2	gunǝr3	xyɨn2	ʔagǝzǝm1	kuttara2	yǝxut2	fǝrǝz1	mwǝќ1
141	Gura	mɨdad1	gunǝr2	hut2	gunǝr3	xɨn2	ʔagǝzǝm1	kutara2	yahut2	fǝrǝz1	mwǝќ1
142	Gyeto	mɨdad1	gunʔǝr2	xuta2	gunʔǝr3	xin2	mwasǝ3	kutara2	ʔɨxwta2	fǝrǝz1	moќ1
143	Harari	mɨťaad1	ćɨgǝr1	azzo4	ʔuruus1	ќǝlbi1	girgaara4	ʔatǝwaaќ3	ziyu3	fǝrǝz1	wɨy2
144	Inor	mɨdad1	gunʔǝr2	huda2	gunʔǝr3	ʔanǝ2	ʔepǝrǝ2	kutara2	ʔɨhuda2	fǝrǝz1	mwoќ1
145	Kistane	mɨťad1	gunnǝn2	kwa3	gunnǝn3	lɨbb1	ʔǝrǝddam5	ğǝra4	yǝkwa2	fǝrǝz1	yǝmoќǝ1
146	Mesqan	mɨdad1	gunnǝn2	huti2	gunnǝn3	hin2	ʔaggǝzǝ1	kuttǝna2	yǝhuti2	fǝrǝz1	yǝmwǝќǝ1
147	Muher	mɨdad1	gunnǝn2	xwa3	gunnǝn3	lɨbb1	ʔǝrǝddam5	kuttǝna2	yǝxwa2	fǝrǝz1	mwǝʔ1
148	Oromo	ќibaaba3	rifeensa3	ʔisa1	mataa4	ʔonnee2	gargaare4	handaaќќo3	kanisaa5	farda1	hoʔaa3
149	Silt'e	mɨťad1	dum4	ʔuha3	dum2	wǝzǝnǝ3	ʔagǝzǝ1	ʔɨnčaќo3	yuha2	fǝrǝz1	muќ1
150	Tigre	gǝbǝta2	ćǝggǝrǝt1	hɨtu2	rǝʔas1	lɨbb1	rǝdɨʔa5	dǝrho1	tu4	fǝrǝs1	ħɨfun4
151	Tigrigna	nɨgogo4	sǝguri1	nɨssu1	rɨʔsi1	lɨbbi1	ħagǝzǝ1	dǝrho1	natu4	fǝrǝs1	wuʕuy2
152	Wolane	mɨtad1	dumi4	ʔuhǝ3	dumi2	wǝzaan3	ʔagǝzǝ1	ʔɨnćaќo3	yuhǝ2	fǝrǝz1	muќamuќ1
153	Zway	mɨtad1	tɨgǝr1	ʔut2	ʔahǝr1	wǝzǝnǝ3	ќuubanhaano7	ʔɨnťaaќ3	yaawɨti2	fǝrǝz1	muuќ1
154	English	how	hundred	hyena	insult (v)	job	joke (n)	king	leg	lentil	lion
155	Amharic	ʔɨndet1	mǝto1	ğɨb1	sǝddǝbǝ1	sɨra1	ќǝld1	nɨgus1	ʔɨgɨr1	mɨssɨr1	ʔambǝssa1
156	Argobba	kǝme2	mǝto1	ğɨb1	sǝddǝbǝ1	gar3	ќǝld1	nɨgus1	ќɨlťɨm2	mɨssɨr1	xambǝsa1
157	Chaha	nǝmɨr3	bǝќɨr2	gwǝnčǝ2	ќǝndmǝm2	mena2	ќǝšǝ2	nɨgws1	ʔǝgɨr1	ќǝsǝm2	ǯǝp2
158	Endegagn	ʔetǝhǝ4	bǝʔǝr2	gončǝ2	ќǝnǝmǝ2	mena2	ќǝld1	nugs1	ʔǝgɨr1	ќǝsǝm2	ʔambǝssa1
159	Ezha	bǝmɨr3	bǝќɨr2	gwǝčǝ2	ќǝnnǝmǝm2	mena2	kǝšǝ2	nɨgwɨs1	ʔɨgɨr1	ќǝsǝm2	ʔambǝssa1
160	Ge'ez	ʔɨffo5	mɨʔɨt1	zɨʔb1	ʕayyǝrǝ3	tǝgbar3	ќǝld1	nɨguś1	ʔagǝda3	mɨssɨr1	ʕanbǝsa1
161	Gogot	kǝm2	bǝќќɨl2	yǝ3	sǝddǝbǝm1	wat4	ќǝld1	nɨgus1	ʔǝgɨr1	mɨšɨrǝ1	ʔanbǝssa1
162	Gumer	mǝmɨr3	mǝto1	gwǝnčǝ2	ќɨnema2	mena2	kyǝšǝ2	nɨgwɨs1	ʔǝgɨr1	ќǝsǝm2	ǯǝpp2
163	Gura	nǝmɨr3	bǝќɨr2	gončǝ2	ќǝndmǝm2	mena2	ќǝšǝ2	nɨgws1	ʔǝgɨr1	ќǝsɨm2	ǯǝpǝ2
164	Gyeto	mǝmar3	bǝќɨr2	gwǝnčǝ2	ќǝnǝmǝ2	mayna2	siya3	nɨgws1	ʔǝgɨr1	ќǝsǝm2	žǝp2
165	Harari	minkut6	bǝќlǝ2	waraaba4	sǝdǝba1	dilaaga5	ќosa2	nǝgaaši1	ќulťum2	missir1	wanaag3
166	Inor	ʔǝtǝka4	bǝʔǝr2	gončǝ2	ќǝnǝmǝ2	mena2	siya3	nugws1	ʔǝgɨr1	ќǝsǝm2	ǯǝp2
167	Kistane	mɨnkom3	mǝto1	gǝčǝ2	sǝddǝbǝm1	wǝzǝla6	ќǝld1	nɨgus1	ʔǝgɨr1	mɨšɨrǝ1	ʔanbǝssa1
168	Mesqan	bǝmɨn3	mǝto1	gwǝčǝ2	sǝddǝbǝ1	menna2	ќǝld1	nɨgws1	ʔǝgɨr1	ќǝsǝm2	ʔanbǝssa1
169	Muher	bǝmmɨn3	bǝʔɨl2	gǝčǝ2	sǝddǝbǝm1	merra2	ќǝld1	nɨgws1	ʔǝgɨr1	ќǝsǝm2	ʔanbǝssa1
170	Oromo	ʔakkamitti2	ɗibba3	waraabessa4	ʔarrabse4	hoğii7	ќeesa2	nugusa1	miila4	missira1	leenća4
171	Silt'e	ʔaynǝko7	bǝќќɨl2	wǝrabǝ4	sǝdǝbǝ1	bɨl8	ќǝld1	nɨgus1	ʔɨngir1	mɨšɨr1	wǝrba5
172	Tigre	ʔafo5	mɨʔɨt1	kǝray5	ʕayǝra3	šǝќka9	kǝdma1	nǝgus1	ʔɨgǝr1	mǝsɨr1	ħayǝt6
173	Tigrigna	kǝmǝy2	miʔti1	zɨbʔi1	śǝrǝfǝ5	sɨraħ1	qəldi1	nɨgus1	ʔɨgri1	bɨrsin3	ʔanbǝssa1
174	Wolane	mɨnako3	baaќќɨl2	wǝrabǝ4	sǝdǝbǝ1	bɨl8	ќaald1	nɨgus1	ʔɨngir1	mɨsr1	wǝrabe5
175	Zway	ʔayku7	baќɨl2	ʔuraaba4	sǝdǝbǝ1	waağğǝ7	ќǝld1	nɨgus1	tǝfǝ5	mɨšɨr1	leenča4
176	English	lip	louse	maize	man	monday	mule	neck	nine	now	one
177	Amharic	kǝnfǝr1	ќɨmal1	bǝќќollo1	səw1	sǝňňo1	bǝќlo1	ʔangǝt1	zǝťǝňň1	ʔahun1	ʔand1
178	Argobba	mɨnčɨr2	ќɨmal1	barmasila2	sǝw1	hargad2	bǝќlo1	ʔaňgǝd1	žɨhɨťǝň1	ʔahaň1	hand1
179	Chaha	kǝnfǝr1	ќɨmar1	bǝќollo1	sǝb1	wɨťǝt3	bɨќwǝrǝ1	ʔangǝt1	ǯǝťǝ1	ʔǝxwa1	ʔat1
180	Endegagn	kǝnfǝr1	ʔɨwan2	bǝќќolǝ1	səw1	wɨťǝt3	baќurǝ1	ʔangǝt1	ǯɨʔǝ1	ʔakkǝ1	ʔatt1
181	Ezha	kǝnfǝr1	ќɨmar1	bǝќќwollo1	səb1	wɨťǝt3	buќwǝrǝ1	ʔangǝt1	ǯǝťǝ1	ʔǝxwa1	ʔatt1
182	Ge'ez	kǝnfǝr1	ќwɨmal1	badila3	sǝb1	sǝnuy1	bǝќlo1	kɨsad2	tǝsʕǝttu2	yɨʔǝze2	ʔǝħǝdu1
183	Gogot	kǝnfǝr1	ќɨmal1	boќќollo1	sǝb1	wɨťǝt3	bwǝʔla1	ʔangǝt1	žǝťǝ1	ʔahu1	ʔatt1
184	Gumer	kǝnfǝr1	ќɨmar1	bǝќwǝllo1	mɨs2	wɨťǝt3	bɨќurǝ1	ʔangǝt1	ǯǝťǝ1	ʔǝxwa1	ʔat1
185	Gura	ʔamz3	ќɨmar1	bǝќwollo1	mɨs2	wɨťǝt3	bɨќurǝ1	ʔangǝt1	ǯǝťǝ1	ʔǝxwa1	ʔat1
186	Gyeto	kǝnfǝr1	ќɨmar1	boќollo1	sǝb1	wɨťǝt3	buќura1	ʔangǝt1	žǝťǝ1	ʔǝxwa1	ʔat1
187	Harari	lǝflǝf4	ќumaay1	ʔarǝbaxi4	ʔusuʔ3	ʔisniin4	bǝќǝl1	ʔangǝt1	zǝħťǝň1	ʔaxxaʔ1	ʔaħand1
188	Inor	kǝnfǝr1	ʔɨmar1	bǝќolloʔǝ1	sǝb1	wɨťǝt3	buќurǝ1	ʔangǝd1	ǯǝʔǝ1	waka3	ʔat1
189	Kistane	kǝnfǝr1	ќɨmal1	boќќollo1	mɨs2	wɨťǝt3	bɨćɨl1	ʔangǝt1	ǯǝťǝň1	ʔaxu1	ʔatt1
190	Mesqan	kǝnfǝr1	ќɨmal1	boќќollo1	mɨs2	wɨťǝt3	bwǝќɨla1	ʔangǝt1	ǯǝťǝ1	ʔǝxwa1	ʔatt1
191	Muher	kǝnfǝr1	ќɨme1	bǝќќollo1	mɨs2	wɨťǝt3	buʔurǝ1	ʔangǝt1	ǯǝťǝ1	ʔaxuňňa1	ʔatt1
192	Oromo	hiɗii5	ʔinğire3	boќќoollo1	nama4	wiťǝtǝ3	gaange2	morma3	sagal3	ʔamma4	tokko2
193	Silt'e	gɨrće6	ќumal1	bǝќќollo1	sǝb1	wɨťǝt3	boќlo1	ʔangworo1	ziťťǝňňe1	ʔakku1	ʔaad1
194	Tigre	kǝmfǝr1	ќǝmǝl1	ʕɨffun5	sǝb1	sǝno1	bǝќǝlu1	sɨgad2	sɨʕ2	ʔaze2	hatte1
195	Tigrigna	kǝnfǝr1	qumal1	ʕufan5	sǝbʔay1	sǝnuy1	bǝqli1	kɨsad2	tɨŠǝʕatǝ2	ħɨzi2	ħadǝ1
196	Wolane	lǝflǝf4	ќumal1	boќќollo1	sǝb1	wɨťǝt3	boќlo1	ʔangǝt1	žiťťǝň1	ʔahu1	ʔad1
197	Zway	leflǝf4	ќɨmay1	maašulle2	sǝb1	wɨťǝt3	boќolu1	ʔangǝt1	žaaťťǝň1	ʔahu1	ʔand1
198	English	ox	pea	pepper	pillow	plate	porridge	pumpkin	rain	red	rice
199	Amharic	bǝre1	ʔatǝr1	ќarɨya1	tɨras1	sahɨn1	gǝnfo1	dubba1	zɨnab1	ќǝyy1	ruz1
200	Argobba	bǝʔra1	ʔatǝr1	bǝrbǝre2	mǝnfɨre2	sahɨn1	gɨnfo1	dubba1	zɨnab1	ќǝyɨh1	ruz1
201	Chaha	bora1	getǝra1	ќare1	tɨras1	saxɨn1	ʔozat2	dɨbaќɨla1	zɨrab1	bɨšǝ2	ruz1
202	Endegagn	bawrǝ1	gite1	ќareʔ1	tɨras1	sahɨn1	daʔǝ3	dǝbaќulǝ1	dɨyǝ2	bušǝ2	ruz1
203	Ezha	bora1	getǝrǝ1	ќale1	tɨras1	disko2	ʔozat2	dɨbaќulla1	zɨrab1	bɨššǝ2	ruz1
204	Ge'ez	bɨʕɨr1	ʕǝtǝr1	bǝrbǝrre2	tǝrʔas1	ќǝśǝla3	gaʕt3	ʔɨlќǝta2	zɨnam1	ʔaddamawi3	ruz1
205	Gogot	bora1	ʔatǝrǝ1	bǝrbǝre2	gimmǝ3	sahǝn1	gǝnfwǝ1	dabaʔulla1	zɨnab1	bɨšša2	ruz1
206	Gumer	bora1	getǝrǝ1	ќarɨya1	tɨras1	sahin1	ʔozat2	dɨbaќulla1	zɨrab1	bɨšša2	ruz1
207	Gura	bora1	getǝrǝ1	ќari1	ğɨmmǝ3	sahin1	ʔowzat2	dɨwaќula1	zɨrab1	bɨšǝ2	ruz1
208	Gyeto	bawra1	garǝrǝ1	ʔafinğa3	tǝras1	saxǝn1	ʔawzat2	ťǝbќula1	zɨram1	bɨša2	ruz1
209	Harari	baʔara1	dangulle3	bǝrbǝri2	mɨtraaš1	saħan1	šuur4	dubba1	zɨnaab1	ќeeh1	ruuz1
210	Inor	bawǝra1	gǝtǝrǝ1	ќondeʔǝ4	gimʔǝ3	sahɨn1	daʔa3	ťǝbaќula1	dɨyǝ2	bɨšǝ2	ruz1
211	Kistane	bora1	ќɨššuwǝ4	ќarɨya1	gimmǝ3	sǝhan1	gǝnfo1	dǝbaќulla1	zɨnab1	bɨššǝ2	ruz1
212	Mesqan	bora1	ʔatǝrǝ1	ќariya1	tǝras1	ťaba4	ʔɨnќačče5	dǝbaќula1	zɨnab1	bɨšša2	ruz1
213	Muher	bora1	getǝrǝ1	ќare1	tɨras1	sahǝn1	ʔozat2	dɨwaʔulla1	zɨnab1	bɨšša2	ruz1
214	Oromo	dibičča2	ʔatara1	ќirćaa1	boraati4	sahaana1	marќaa6	dubbaa1	rooba3	diimaa3	ruuza1
215	Silt'e	kǝraab3	gite1	ťurga5	gimma3	saan1	ʔɨnќaččǝ5	dǝbaќullǝ1	zɨlǝm1	bušo2	ruz1
216	Tigre	bǝʕray1	ʕatǝr1	bǝrbǝre2	tǝrʔas1	ʔatači5	gaʕt3	dɨbba1	zɨlam1	ќayħɨt1	ruz1
217	Tigrigna	bɨʕɨray1	ʕatǝr1	bǝrbǝrǝ2	mǝtrǝʔas1	Šǝħanə1	gǝnfo1	dubba1	zɨnab1	qǝyyɨħ1	ruz1
218	Wolane	boora1	ќɨššo5	bǝrbǝre2	tǝras1	sahan1	ʔɨnќačče5	dǝbaʔulla1	zɨlam1	buša2	ruz1
219	Zway	buurǝ1	ʔantǝrǝ1	bǝrbaari2	gimma3	sahan1	hobudu7	duba1	zɨnab1	ќaay1	ruz1
220	English	rich	road	salt	Saturday	saw	seed	seven	she	sheep	short
221	Amharic	habtam1	mǝngǝd1	ćǝw1	ќɨdame1	ʔayyǝ1	zǝr1	sǝbatt1	ʔɨswa1	bǝg1	ʔaććɨr1
222	Argobba	dǝmam1	xɨyɨma2	čǝw1	sǝmbǝd2	xaye1	zǝri1	saʔint1	kɨssa1	xara2	hačɨrni1
223	Chaha	dǝngǝňňǝ2	ʔema2	ʔasso2	ќǝťansǝnbǝt1	ʔaǯǝ1	zǝr1	sǝbat1	xyɨta2	ťǝ3	ʔaćɨr1
224	Endegagn	dǝngǝňňǝ2	meya3	bǝʔǝd3	ennǝgǝyǝ3	ʔaššǝm1	zǝʔǝ1	sǝwʔat1	šidǝ3	ťay3	ʔiʔir1
225	Ezha	dǝngǝňňǝ2	ʔema2	ʔasso2	ќǝťansǝnbǝt1	ʔaǯǯǝm1	zǝr1	sǝbat1	xyit2	ťay3	ʔaćɨr1
226	Ge'ez	bɨʕul3	mǝngǝd1	śew1	ќǝdamitsǝnbǝt1	sǝrsǝrǝ2	zǝrʔ1	sǝbʕ1	yɨʔɨti2	bǝggɨʕ1	ħɨśǝś1
227	Gogot	dǝngǝňňa2	moćǝ3	ʔasso2	ќɨdansǝnbǝt1	mǝgaz3	zǝr1	sǝbǝtt1	kiya2	ʔǝte3	ʔaććɨr1
228	Gumer	dǝngǝnǝ2	ʔema2	ʔasso2	ќǝtasǝnbǝt1	ʔaššǝm1	zǝr1	sǝβat1	xyɨt2	ťay3	ʔaććɨr1
229	Gura	dǝngǝňňǝ2	ʔema2	ʔasso2	ќǝťansǝnbǝt1	ʔaǯǝ1	zǝr1	sǝbat1	xyɨt2	ťe3	ʔaćɨr1
230	Gyeto	dǝngǝňǝ2	mǝya3	ʔasǝwǝ2	ќǝťatsǝmbǝt1	mǝgaz3	zɨňʔǝ2	sǝbat1	sǝwʔat4	ťay3	ʔaćɨr1
231	Harari	baʔaw3	ʔuuga4	ťirǝssu4	sǝbti2	minšaar4	sǝňi2	saatti1	ʔazzee5	ťaay3	ħaćir1
232	Inor	dǝngǝňǝ2	meʔa3	bǝʔǝd3	ќǝťansǝnbǝt1	ʔaǯǝ1	zǝr1	saat1	xida2	ťay3	ʔeʔir1
233	Kistane	dǝngǝňňǝ2	moćǝ3	sogida5	kɨdansǝnbǝt1	ʔaǯǯǝ1	zǝr1	sǝbat1	kiya2	ʔǝťay3	ʔaććɨr1
234	Mesqan	dǝngǝňňǝ2	ʔema2	ʔasso2	kɨdansǝnbǝt1	ʔaǯǯǝ1	zǝr1	sebǝt1	xiti2	ʔǝťe3	ʔaććɨr1
235	Muher	dǝngǝňňǝ2	zǝba5	ʔassǝwǝ2	kǝdansǝnbǝt1	aǯǯǝm1	zǝr1	sǝbat1	xya2	ťe3	ʔaććɨr1
236	Oromo	dureessa4	ʔamna2	ʔašabo2	sanbata2	ʔarge1	šǝňňi2	torba2	ʔiše1	hoolaa4	gabaabaa2
237	Silt'e	duressǝ4	ʔunga4	ʔaruso2	ansǝnbǝt2	ʔanǯǝ1	zǝr1	saʔabat1	ʔiša1	ťay3	ʔanćɨr1
238	Tigre	śɨgub5	gǝbǝy6	śewe1	sǝnbǝt nɨʔɨš2	rǝʔa5	zǝrɨʔ1	sǝbuʔǝ1	hɨta2	bǝgguʕ1	ħaććar1
239	Tigrigna	habtam1	mǝngǝdi1	ćǝw1	qǝdam1	rǝʔayǝ5	zǝrʔi1	Šǝwʕatǝ1	nɨssa1	bǝgɨʕ1	ħaśśir1
240	Wolane	duressǝ4	ʔunğǝ4	ʔasǝbo2	ʔansǝnbǝt2	mǝgaz3	zaar1	sabt1	ʔɨšǝ1	ťay3	ʔanćɨr1
241	Zway	nɨbrǝtaňǝ5	ʔuunğǝ4	ʔasobu2	ʔanǝsǝnbǝt2	mǝgaz3	zǝrǝ1	sǝbɨt1	ʔit2	tay3	ʔanćɨr1
242	English	six	smoke	snatched	song	stone	stool	sucked	suddenly	sun	sunday
243	Amharic	sɨddɨst1	ćɨs1	nǝťťǝќǝ1	zǝfǝn1	dɨngay1	bǝrćuma1	ťǝbba1	dɨngǝt1	śǝhay1	ʔɨhud1
244	Argobba	sɨdɨst1	čis1	nǝťťǝќǝ1	zǝfǝn1	dɨngay1	gɨrumbǝd3	ťǝbba1	dɨngǝt1	čǝhed2	sǝmbǝd2
245	Chaha	sɨdɨst1	tǝn2	mǝćǝќǝm2	lale2	ʔɨmɨr2	bwǝrćuma1	tǝpwǝm1	matǝga2	ćet2	wursǝnbǝt2
246	Endegagn	sɨddɨst1	tan2	nǝťǝќǝ1	das3	ʔǝwn2	barćumma1	ťoppǝ1	ʔɨmmatǝg2	ʔayed3	ʔabbǝ3
247	Ezha	sɨdɨst1	tǝnn2	nǝťǝќǝ1	lale2	ʔɨmɨr2	bwǝrćuma1	ťǝbbwǝm1	ʔɨmmatingi2	ćet2	wɨrsǝnbǝt2
248	Ge'ez	sɨds1	tǝnn2	nǝťǝќǝ1	maħɨlet4	ʔɨbn2	mǝnbǝr2	ťǝbǝwǝ1	gɨbta3	ṩǝħay1	ʔɨħud1
249	Gogot	sɨddɨst1	tǝn2	nǝťťǝʔǝm1	dǝrɨs3	ʔɨmmaňňǝ3	bǝrćumma1	ťobbǝm1	dɨngǝt1	ʔimir4	sǝnbǝt2
250	Gumer	sɨddɨst1	tǝn2	nǝťǝќǝm1	weg5	ʔɨmɨr2	borćuma1	ťǝppwǝm1	dɨngǝt1	ćet2	wɨrsǝnbǝt2
251	Gura	sɨddɨst1	tǝn2	mǝćǝќǝm2	lale2	ʔɨmɨr2	wǝrćuma1	tǝpwǝm1	hɨmǝga2	ćet2	wursǝnbǝt2
252	Gyeto	sɨdɨst1	tǝn2	nǝťǝќǝ1	wǝyǝg5	ʔɨmɨr2	bwǝrćǝma1	ťǝpwǝ1	dɨngǝt1	ʔɨwayǝ3	sǝmbǝt2
253	Harari	siddistaaň1	tǝn2	tǝlǝfa3	fǝќǝr6	ʔuun4	wǝmbǝr2	ťǝba1	dǝgu1	ʔir4	ʔalħad1
254	Inor	sɨddɨst1	tǝn2	nǝťťǝќǝm1	lale2	ʔɨmɨr2	bǝrćɨma1	ťǝpwǝ1	dɨngǝt1	ʔɨwǝyə3	wursǝnbǝt2
255	Kistane	sɨdɨst1	tǝn2	moććǝќǝm2	dǝrs3	yimir2	wǝnbǝr2	ťobbǝm1	dɨngǝt1	yimɨr4	wursǝnbǝt2
256	Mesqan	sɨddɨst1	tǝnn2	meććǝќǝm2	dǝrs3	ʔɨmɨr2	borćuma1	ťobbǝ1	dɨngǝt1	ćet2	wursǝnbǝt2
257	Muher	sɨddɨst1	tǝn2	nǝťťǝќǝm1	dǝrrɨs3	ʔɨmaňňǝ3	bwǝrćɨmma1	ťǝbbwǝm1	dɨngǝt1	ʔaret4	wursǝnbǝt2
258	Oromo	ğaha2	ʔaara3	bute4	sirba7	ɗagaa5	barćuma1	luuge2	tasa4	ʔaduu5	dilbata4
259	Silt'e	sɨddɨst1	tǝn2	boććǝќǝ2	šɨbǝt8	ʔuun4	ќattǝ4	tobe1	dɨnbuť1	ʔayɨr4	gɨdɨrsǝnbǝt2
260	Tigre	sɨʔɨs1	tǝnan2	sǝllǝbǝ5	wǝtǝr5	ʔɨbɨn2	dɨkka5	šǝrba3	ʔɨbhamgǝm2	šɨmɨš6	sǝnbǝtʔabbɨy2
261	Tigrigna	ŠɨdduŠtǝ1	tɨkki4	mɨmnt6	dǝrfi3	ʔɨmni2	mənbər2	mǝśǝyǝ4	bɨhandɨbǝt5	śəħay1	sǝnbǝt2
262	Wolane	sɨddɨst1	tǝn2	boććǝќǝ2	šɨbǝt8	ʔun4	borćɨmma1	ťobe1	dɨngǝt1	ʔayr4	sǝnbǝt2
263	Zway	sɨddɨst1	tǝn2	nǝťǝќǝ1	šibay8	ʔumun2	ʔahbabit6	ťobuu1	dɨngǝt1	ʔarit4	sǝnbǝt2
264	English	sweat	ten	that	then	they	thick	thief	thin	this	three
265	Amharic	lab1	ʔassɨr1	ya1	kǝzziya1	ʔɨnnǝssu1	wǝfram1	leba1	ќǝććɨn1	yɨh1	sost1
266	Argobba	lab1	ʔassɨr1	ʔod2	wodgɨze1	kɨsɨm2	wɨfram1	leẞa1	ќǝčɨn1	hud2	sost1
267	Chaha	wɨzat2	ʔasɨr1	xɨx3	tǝhanќe2	xɨno2	ğǝnğɨr2	neba1	sɨsǝ2	zɨ3	sost1
268	Endegagn	ʔazat2	ʔassɨr1	xadǝ3	tǝhaʔegǝd2	huno2	gušɨr2	fangayǝ2	ќǝććɨn1	wa4	sost1
269	Ezha	wɨzat2	ʔasɨ1	za1	tǝhanќye2	xɨno2	ğǝnğɨr2	sǝrǝňňǝ3	sɨssǝ2	zɨx3	sost1
270	Ge'ez	ʕǝrǝќ3	ʕǝșru1	zɨkku4	ʔɨmzɨ3	ʔɨmmuntu3	śɨfuќ3	sǝraќi3	ќǝťťɨn1	zɨntu3	șǝlǝs1
271	Gogot	wɨzat2	ʔassɨr1	za1	zagɨzyǝ1	kɨnnǝwm2	dǝngɨn2	leba1	ќǝććɨn1	zi3	sost1
272	Gumer	wɨzat2	ʔassɨr1	xɨx3	tǝxanќe2	xɨno2	ğǝnğɨr2	nǝba1	sɨsa2	zɨ3	sost1
273	Gura	wɨzat2	ʔasɨr1	hata5	tǝhʔangye2	xɨnu2	ğǝnğɨr2	neba1	sɨsǝ2	zɨ3	sost1
274	Gyeto	wǝzat2	ʔasɨr1	xǝ3	xǝgɨzɨyǝ1	xɨnǝwa2	dɨnğɨr2	fǝngǝya2	ќǝćɨr1	zǝ3	soʔost1
275	Harari	wuuziʔ2	ʔassir1	ʔazzo6	bǝħǝr4	ʔazziyaač4	wadǝl4	rogi4	ќǝćiin1	yi1	šiʔišti1
276	Inor	ʔazat2	ʔasɨr1	xada3	tǝhɨm4	xɨnowa2	ğǝnğɨr2	fǝngǝya2	ќǝčɨr1	wǝda4	soʔost1
277	Kistane	wɨzat2	ʔasɨr1	za1	tǝkwa2	kɨnnǝm2	dǝdan5	leba1	ʔasťaťib3	zi3	sost1
278	Mesqan	wɨzat2	ʔasɨr1	za1	bǝhi4	xɨnno2	ğǝnğɨn2	leba1	ќɨččɨn1	zi3	sost1
279	Muher	wɨzat2	ʔassɨr1	za1	tǝhɨmange2	xɨnnǝw2	ğǝnğɨn2	leba1	sǝssǝ2	zi3	sost1
280	Oromo	hurkaa4	kuɗan2	san7	sanbooda5	ʔisaan1	furdaa6	hattuu5	ќallaa4	kun5	sadi1
281	Silt'e	wɨzǝt2	ʔassɨr1	hattay5	tǝʔizof6	ʔuxun5	mǝgǝrri7	ranği4	ќǝčɨn1	ʔɨnnǝ6	šešt1
282	Tigre	lǝhǝbǝt5	ʔasɨr1	lahay8	ħar7	hɨtom2	gǝzif8	serќay3	ќǝťin1	dǝlli7	sǝlǝs1
283	Tigrigna	rɨhaś6	ʕasərtǝ1	ʔɨti9	šɨʕu10	nɨssatən1	śɨnnuʕ9	səraqi3	qǝťťin1	ʔɨzzi3	sǝləstǝ1
284	Wolane	wǝzi2	ʔassɨr1	ʔannǝ10	ʔannǝgɨn9	ʔuhun5	mǝgǝrri7	ranği4	ќǝćɨn1	zi3	šešt1
285	Zway	wǝz2	ʔassɨr1	yahay8	yanegi1	ʔɨnommu1	zuurra10	leba1	ќǝćɨn1	ʔɨnačču6	šešt1
286	English	thursday	time	today	tomorrow	traveler	two	war	water	wednesday	what
287	Amharic	hamus1	gizze1	zare1	nǝgǝ1	mǝngǝdǝňňa1	hulǝtt1	ťorɨnǝt1	wɨha1	ʔɨrob1	mɨn1
288	Argobba	kamis1	wǝќt2	huma2	nǝg1	hemǝňňa1	ket1	ťorɨnǝt1	ʔahowa1	ʔabdɨќadɨr2	mɨn1
289	Chaha	ʔamus1	ʔǝga3	ʔǝkwa3	nǝgǝ1	ʔemǝnǝ1	xwet1	gaz2	ʔɨxa2	ʔǝro1	mɨrќar2
290	Endegagn	ʔamus1	gidad7	ʔakka3	nǝgǝ1	meňňǝ1	hurʔǝt1	ʔarɨw3	ʔɨxǝ2	ʔarbe1	mɨrafǝr2
291	Ezha	ʔamus1	ʔǝga3	ʔǝkkwa3	nǝgǝ1	ʔemǝnnǝ1	xwett1	ʔarb3	ʔɨxa2	ʔǝrǝw1	mǝʔe1
292	Ge'ez	ḫǝmus1	gize1	yom2	gesǝm2	ħǝwari2	kɨlʔǝ1	ħǝrb3	may3	rǝbuʕ1	mɨnt1
293	Gogot	ʔamus1	ge1	ʔǝkkwa3	negǝ1	yǝmoćasǝb3	kwett1	ʔarb3	ʔǝga2	ʔǝrob1	mɨʔe1
294	Gumer	ʔamwɨs1	gamwǝ8	ʔǝkkwa3	nǝgǝ1	ʔemǝnǝ1	xwet1	gaz2	ʔɨxa2	ʔǝro1	mɨrќar2
295	Gura	ʔamus1	ʔǝga3	ʔǝkwa3	nǝgǝ1	ʔemǝna1	xwet1	gaz2	ʔɨxa2	ʔǝro1	mɨrќar2
296	Gyeto	ʔamus1	ʔǝga3	ʔǝkwa3	nǝgǝ1	marǝdǝňǝ1	xwet1	ʔarɨb3	ʔixa2	ʔǝro1	mǝmɨr2
297	Harari	xamis1	waќti2	ħooği4	giš2	musaafir4	koot1	ħaarbi3	miy3	ʔarbaʔa1	min1
298	Inor	ʔamus1	gɨzɨyǝ1	ʔokwa3	nǝgǝ1	ʔemǝňǝ1	wɨrʔet1	gaz2	ʔɨxa2	ʔǝro1	mɨrʔar2
299	Kistane	xamus1	gɨzye1	ʔaxuň3	nǝgǝ1	ʔǝngǝdǝňňa1	kitt1	tiğǝ4	yiga2	xǝrob1	mɨn1
300	Mesqan	ʔamus1	gɨzye1	ʔakwa3	nǝgǝ1	ʔɨmatǝňňa1	xwett1	ʔarɨb3	ʔǝga2	ʔǝrob1	mɨrќar2
301	Muher	ʔamus1	ge1	ʔǝkkwa3	nǝgǝ1	mǝngǝdǝňa1	xwett1	gaz2	ʔɨga2	ʔǝrob1	mɨʔe1
302	Oromo	kamisa1	yaroo5	harra5	boru3	ʔeemala1	lama2	waraana5	bišaan4	roobii1	maal1
303	Silt'e	xamus1	wǝќt2	ʔawğe6	gees2	ʔungawǝro5	ʔošt3	ʔarb3	mǝy3	harbe1	mɨn1
304	Tigre	kǝmiš1	wǝќɨd2	yom2	fǝnguħ4	gǝyaŠay6	kǝlʔet1	hɨrabǝt3	may3	ʔɨrrobɨʔ1	mi1
305	Tigrigna	ħammus1	ʔɨwan6	lomi7	śɨbah5	gǝyaŠay6	kɨltǝ1	kwinat6	may3	rəbuʕ1	ʔɨntay3
306	Wolane	xamus1	gɨn1	ʔawğe6	gees2	ʔungǝtǝňňe1	hoyt3	ʔarb3	mǝy3	ʔarbɨyǝ1	mɨn1
307	Zway	ʔamuus1	gi1	ʔawği6	gees2	ʔungǝtǝňǝ1	hoyt3	sinaan7	mǝy3	ʔɨroob1	mɨn1
308	English	wheat	which	who	wide (adj)	wind	with	woman	word	you	down
309	Amharic	sɨnde1	yǝtɨňňaw1	man1	sǝffi1	nɨfas1	gar1	setɨyyo1	ќal1	ʔantǝ1	tačč1
310	Argobba	ќamǝdi2	yedɨňňaw1	mani1	sǝfi1	nɨfas1	bǝ2	nisča2	ќal1	ʔank1	wǝdǝtef2
311	Chaha	sɨnǝ1	ʔǝndehuta2	mwan1	bǝtɨt2	ʔɨnfas1	tǝhut3	mɨšt3	ќar1	ʔaxǝ1	tǝtnǝyǝ1
312	Endegagn	sɨneʔ1	ʔǝtǝdǝ2	man1	bǝttǝd2	ʔɨnfas1	tɨhudǝ3	mist3	ќal1	ʔaxǝ1	gǝdǝni3
313	Ezha	sɨnne1	ʔɨndeyǝta2	mwan1	bǝttɨt2	nǝfas1	gi1	mɨšt3	ќar1	zahǝ2	tǝttɨnya1
314	Ge'ez	șɨrnay1	ʔǝynu3	mǝnnu1	rɨħub3	nǝfas1	mɨslǝ4	bɨʔɨsit3	ќal1	ʔantǝ1	walaga4
315	Gogot	sɨrre1	ʔettǝ2	ma1	bǝtɨt2	nɨfas1	bǝ2	mɨšt3	ќal1	ʔax1	tǝt1
316	Gumer	sɨnay1	ʔetǝta2	mwan1	bǝtɨt2	nɨfas1	gamwǝ1	mɨšt3	ќar1	ʔaxǝ1	wǝsťɨnyǝ5
317	Gura	sɨne1	ʔetǝta2	mwan1	bǝtɨt2	ʔɨnfas1	gamwa1	mɨšt3	ќar1	ʔaxǝ1	wǝsťiniyǝ5
318	Gyeto	sɨneʔ1	ʔaytǝxta2	mwan1	bǝttǝt2	nɨfas1	bǝ2	mɨšt3	ќar1	ʔaxma1	wǝsť5
319	Harari	ќamǝdi2	ʔaay3	maan1	zǝgaħ4	duuf2	be2	ʔidooč4	sinaan2	ʔaxaaxaač1	taħay1
320	Inor	sɨnǝʔ1	ʔǝtǝdo2	man1	bǝtɨt2	nǝfas1	gǝzyǝ1	mɨšt3	ќar1	ʔaxǝ1	gǝdaniyǝ3
321	Kistane	sɨrre1	yɨtta1	ma1	bǝtǝt2	nǝfas1	goy1	mɨšt3	ќal1	dǝxǝ3	tǝtatǝy1
322	Mesqan	sirre1	ʔetti2	mwa1	bǝttǝt2	nɨfas1	tǝge5	mɨšt3	ќal1	ʔaxa1	tǝtǝtte1
323	Muher	sɨrre1	ʔɨnťewe2	ma1	bǝttɨt2	ʔɨnfas1	ge1	mɨšt3	ќal1	ʔatǝ1	tǝttiyǝ1
324	Oromo	ќamadi2	kam4	ʔeeňňu2	balʔa5	ќilleensa3	wağğiin6	ğaarti5	ğačča3	ʔati1	gadi3
325	Silt'e	sɨrǝy1	ʔaytay2	maani1	fǝtt2	nɨfas1	tuuha3	mɨšt3	ќal1	ʔatǝ1	ʔuftǝkolo6
326	Tigre	šɨrnay1	ʔaya3	mǝn1	mǝrhabib6	nɨfas1	mɨs4	ʔɨssit3	zuʕ4	ʔɨnta1	tǝħat1
327	Tigrigna	sɨrnay1	ʔayyǝn3	mən1	gǝffiħ1	nɨfas1	mɨs4	sǝbʔayti1	qal1	nɨsɨxa3	kǝtač1
328	Wolane	sɨre1	ʔayne3	ma1	fǝtti2	nɨfas1	bǝ2	mɨšt3	ќal1	ʔatǝ1	tut1
329	Zway	sɨre1	ʔayte2	ma1	sǝffi1	nɨfas1	bǝ2	set1	ќal1	ʔatǝ1	wɨst5
